,,,,,,,,June 1,,,,,,,,,,,,,,,,,,,,,,,,
Enterprise ID,Account,Team ID,Rooftop Name,Agent Opted,Go-Live Date,ARR,MRR,Days Live,# Total Leads,# Leads Interacted,% TOFU Capture,# Qualified Leads,# Transfers,% Transfers,# Appt Booked,% Appt Conversion,Quality,STL enabled?,Afterhours / Overflow / Roundrobin,Smartview Widget,Multiday followup,Coverage,Customer Sentiment,CPA,Apt value,ROI Multiple,ROI based RAG,Sorting RAG,Next Step Owner,Next Step Owner Team,Tasks to turn green,Avg lead/day
21de286e9,Paragon Motors of Woodside Inc dba Paragon Honda,5895de05b,Paragon Honda,Sales Inbound,Sep 08,"$24,000","$2,000",266,175,179,102.29%,30,28,15.64%,5,16.67%,,No,After Hours,No,No,,,$100.00,$500.00,0.25,Red,001-Red,,CSM,Enable STL via ADF/emails,6
dab960b7c,Mercedes-Benz of Arlington,341a56683a,Mercedes-Benz of Arlington,Sales Outbound,May 11,"$24,000","$2,000",21,,2691,,273,,,7,2.56%,,,,,,,,$250.00,"$1,750.00",1.25,Red,,,,,0
21de286e9,Worldwide Motors LTD dba Paragon Acura,e9e19bca63,Paragon Acura,Service Outbound,May 29,"$24,000",2000,,1605,Not service,Not service,236,Not service,Not service,8,,,,,,,,,,,,,,,,,#DIV/0!
acb5f83e1,McGrath Acura of Westmont (Mcgrath Imports),bf524480-3,McGrath Acura,Service Inbound,Jan 01,"$18,000","$1,500",151,108,108,100.00%,50,32,29.63%,18,36.00%,,,,,,,,$50,$900,0.60,Red,,,CSM,- Improve top the funnel,4
acb5f83e1,McGrath Acura of Westmont (Mcgrath Imports),987d7cb5f5,McGrath Acura,Sales Inbound,Jan 01,"$18,000","$1,500",151,1853,178,9.61%,119,7,3.93%,13,10.92%,,Yes,Overflow,No,No,,,$100.00,"$1,300.00",0.87,Red,001-Red,,CSM,Enable STL 24x7 + Enable Followups,62
9d4468871,Dutch Miller Auto Group,e08ec18b4f,Dutch Miller Kia Charlotte,Sales Outbound,May 27,"$18,000","$1,500",5,,190,,27,,,2,7.41%,,,,,,,,$250.00,$500.00,2.00,Red,,,,,0
9d4468871,Dutch Miller Auto Group,e08ec18b4f,Dutch Miller Kia Charlotte,Service Inbound,May 27,"$18,000","$1,500",5,12,12,100.00%,7,1,8.33%,2,28.57%,,,,,,,,$50,$600,0.40,Red,,,CSM,- Improve top the funnel,2
9d4468871,Dutch Miller Auto Group,e08ec18b4f,Dutch Miller Kia Charlotte,Service Outbound,May 31,"$18,000","$1,500",,Not service,Not service,Not service,Not service,Not service,Not service,Not service,,,,,,,,,,,,,,,,,#VALUE!
9016eb535,Bridgeton Auto Mall,e4047018-c,Bridgeton Auto Mall,Sales Outbound,Jan 31,"$17,988","$1,499",121,,5254,,391,,,5,1.28%,,,,,,,,$250.00,"$1,250.00",0.83,Red,,,,,0
bfa9559e2,Guam AutoSpot,33a108cec9,Guam AutoSpot,Sales Inbound,Apr 02,"$15,300","$1,275",60,192,33,17.19%,11,3,9.09%,5,45.45%,,No,After Hours,No,No,,,$100.00,$500.00,0.39,Red,001-Red,Shubham Mittal,Engineering,Guam Telephony Provider,6
bfa9559e2,Guam AutoSpot,33a108cec9,Guam AutoSpot,Service Inbound,Apr 02,"$15,300","$1,275",60,203,203,100.00%,75,56,27.59%,33,44.00%,,,,,,,,$50,"$1,650",1.29,Red,,,CSM,- No calls being received since last 2 weeks (enable Vini),7
89caf2cee,"James Martin Chevrolet Buick, Inc.",a942066891,"James Martin Chevrolet Buick, Inc.",Sales Outbound,Feb 24,"$15,000","$1,250",97,,000,,000,,,000,0.00%,,,,,,,,$250.00,$0.00,0.00,Not Live,,,,,0
9d4468871,Dutch Miller Auto Group,e08ec18b4f,Dutch Miller Kia Charlotte,Sales Inbound,May 27,"$15,000","$1,250",5,534,8,1.50%,5,0,0.00%,4,80.00%,,Check,Check,Check,Check,,,$100.00,$400.00,1.92,Red,001-Red,,CSM,Enable STL + Followups,107
d8daf6754,Habberstad Group,03f8bdc40c,Habberstad Kia,Service Inbound,May 11,"$12,000","$1,000",21,15,15,100.00%,9,1,6.67%,3,33.33%,,,,,,,,$50,$214,0.21,Red,,,CSM,- Improve top the funnel,1
657a8c4e2,Auto Depot Of Navarre,b75e784fa2,Auto Depot of Navarre,Sales Inbound,May 13,"$12,000","$1,000",19,18,18,100.00%,7,0,0.00%,1,14.29%,,Check,Check,Check,Check,,,$100.00,$100.00,0.16,Red,001-Red,Shubham Mittal,Engineering,STL not working,1
46cf87af0,Jones Motor Company,9c1ad81386,Jones CDJR,Sales Inbound,Apr 30,"$11,998","$1,000",32,188,1,0.53%,0,0,0.00%,0,0.00%,,No,Overflow,No,No,,,$100.00,$0.00,0.00,Red,001-Red,Shubham Mittal,Engineering,Enable STL via Calls,6
46cf87af0,Jones Motor Company,9c1ad81386,Jones CDJR,Sales Outbound,Apr 30,"$11,998","$1,000",32,,118,,21,,,0,0.00%,,,,,,,,$250.00,$0.00,0.00,Red,,,,,0
9016eb535,Bridgeton Auto Mall,e4047018-c,Bridgeton Auto Mall,Sales Inbound,Jan 16,"$11,988",$999,136,1331,68,5.11%,16,6,8.82%,2,12.50%,,Check,Check,Check,Check,,,$100.00,$200.00,0.20,Red,001-Red,Yash,Product,CDK vs Vini Comparison Battlecards,44
e258a7579,Bob King Mazda,a9e37101ea,Bob King Mazda,Service Inbound,Jan 28,"$11,988",$999,124,212,212,100.00%,115,60,28.30%,49,42.61%,,,,,,,,$50,"$2,450",2.45,Red,,,CSM,- Improve top the funnel,7
ef09d889d,Victory Automotive Group,bf718528af,Victory Toyota of Midtown,Service Inbound,Mar 18,"$11,988",$999,75,848,848,100.00%,512,246,29.01%,213,41.60%,,,,,,,,$50,"$10,650",10.66,Green,,,,,28
f20ae28a0,DeNooyer Chevrolet Kalamazoo,723708ae8f,DeNooyer Chevrolet Kalamazoo,Service Inbound,May 28,"$11,988",$999,4,55,55,100.00%,20,6,10.91%,7,35.00%,,,,,,,,$50,"$2,625",2.63,Red,,,CSM,- Improve top the funnel,14
4c65517e7,Burns Hyundai,9c9e3d1259,Burns Hyundai,Service Inbound,Apr 23,"$11,988",$999,39,"2,925","2,925",100.00%,"1,230","1,487",50.84%,269,21.87%,,,,,,,,$50,"$13,450",13.46,Green,,,,,98
cd34da2f2,Beaver County Auto,9a72db996f,Beaver County Auto,Sales Outbound,May 28,"$11,988",$999,4,,280,,47,,,0,0.00%,,,,,,,,$250.00,$0.00,0.00,Red,,,,,0
cd34da2f2,Beaver County Auto,9a72db996f,Beaver County Auto,Sales Inbound,May 31,"$11,988",$999,1,102,4,3.92%,0,0,0.00%,0,0.00%,,Check,Check,Check,Check,,,$100.00,$0.00,0.00,Red,001-Red,Shubham Mittal,Engineering,STL not working,102
cd34da2f2,Beaver County Auto,9a72db996f,Beaver County Auto,Service Inbound,May 31,"$11,988",$999,1,Not live,Not live,Not live,Not live,Not live,Not live,Not live,Not live,,,,,,,,Not live,Not live,Not live,Not live,,,,,Not live
cd34da2f2,Beaver County Auto,9a72db996f,Beaver County Auto,Service Outbound,May 31,"$11,988",$999,,Not service,Not service,Not service,Not service,Not service,Not service,Not service,,,,,,,,,,,,,,,,,#VALUE!
89caf2cee,"James Martin Chevrolet Buick, Inc.",a942066891,"James Martin Chevrolet Buick, Inc.",Sales Inbound,Feb 24,"$10,800",$900,97,000,000,0.00%,000,000,0.00%,000,0.00%,,No,Overflow,No,No,,,$100.00,$0.00,0.00,Not Live,004-Not Live,,,,0
3884c7156,Edwards Auto Group,8559da8aef,Edwards Chevrolet 280,Sales Inbound,Feb 03,"$10,789",$899,118,17946,833,4.64%,793,7,0.84%,37,4.67%,,Yes,Overflow,No,Yes,,,$100.00,"$3,700.00",4.12,Not Live,004-Not Live,,,,598
3884c7156,Edwards Auto Group,4e24c50b58,Edwards Chevrolet Downtown,Sales Inbound,Feb 03,"$10,789",$899,118,5963,537,9.01%,456,12,2.23%,20,4.39%,,Check,Check,Check,Check,,,$100.00,"$2,000.00",2.22,Not Live,004-Not Live,,,,199
3884c7156,Edwards Auto Group,d6947fc2e0,Edwards Honda,Sales Inbound,Feb 03,"$10,789",$899,118,4710,509,10.81%,424,22,4.32%,21,4.95%,,Check,Check,Check,Check,,,$100.00,"$2,100.00",2.34,Not Live,004-Not Live,,,,157
9bc114fc6,PalmEasy Motors PA LLC,5a4c21a96f,PalmEasy Motors PA LLC,Sales Inbound,May 22,"$10,200",$850,10,332,284,85.54%,22,93,32.75%,10,45.45%,,Check,Check,Check,Check,,,$100.00,"$1,000.00",3.53,Amber,002-Amber,,Tech,STL not working,33
9bc114fc6,PalmEasy Motors PA LLC,5a4c21a96f,PalmEasy Motors PA LLC,Service Inbound,May 22,"$10,200",$850,10,225,225,100.00%,114,47,20.89%,1,0.88%,,,,,,,,$50,$150,0.18,Red,,Subhav,Product,- Appointments to be checked as its on non integrated flow,23
3e291ce0f,Horne Mazda,c885afdbe9,Horne Mazda,Sales Outbound,May 11,"$10,200",$850,21,,617,,71,,,0,0.00%,,,,,,,,$250.00,$0.00,0.00,Red,,,,,0
3e291ce0f,Horne Mazda,c885afdbe9,Horne Mazda,Service Outbound,May 11,"$10,200",$850,,Not service,Not service,Not service,Not service,Not service,Not service,Not service,,,,,,,,,,,,,,,,,#VALUE!
4f772edd8,World Car Auto Group,cefa13f833,World Car Kia South,Service Outbound,Feb 28,"$9,900",$825,,Not service,Not service,Not service,Not service,Not service,Not service,Not service,,,,,,,,,,,,,,,,,#VALUE!
6548557c2,Wolfchase Honda & Nissan,405beccbe9,Wolfchase Honda,Sales Outbound,Jan 31,"$9,600",$800,121,,3656,,342,,,11,3.22%,,,,,,,,$250.00,"$2,750.00",3.44,Amber,,,,,0
6548557c2,Wolfchase Honda & Nissan,d14b8b8338,Wolfchase Nissan,Sales Outbound,Jan 31,"$9,600",$800,121,,2808,,231,,,13,5.63%,,,,,,,,$250.00,"$3,250.00",4.06,Amber,,,,,0
178e04bf2,Heiser Automotive Group,b7184697be,Heiser Chevrolet of West Allis,Service Inbound,May 27,"$9,600",$800,5,33,33,100.00%,3,5,15.15%,1,33.33%,,,,,,,,$50,$300,0.38,Red,,,CSM,- Improve top the funnel,7
6add25efd,Vatland Auto Group,e05e67affb,Vatland Honda,Sales Inbound,May 14,"$9,600",$800,18,375,32,8.53%,4,3,9.38%,1,25.00%,,Check,Check,Check,Check,,,$100.00,$100.00,0.21,Red,001-Red,Shubham Mittal,Engineering,STL not working,21
6add25efd,Vatland Auto Group,e05e67affb,Vatland Honda,Sales Outbound,May 14,"$9,600",$800,18,,895,,79,,,0,0.00%,,,,,,,,$250.00,$0.00,0.00,Red,,,,,0
82255fce5,Toronto,26fe9492b9,Toronto Honda,Service Inbound,May 23,"$9,600",$800,9,90,90,100.00%,39,5,5.56%,11,28.21%,,,,,,,,$50,"$1,833",2.29,Red,,,CSM,- Improve top the funnel,10
82255fce5,Toronto,26fe9492b9,Toronto Honda,Service Outbound,May 23,"$9,600",$800,,1945,Not service,Not service,294,Not service,Not service,57,,,,,,,,,,,,,,,,,#DIV/0!
3d5f779d7,Rick Weaver Chevrolet,d4a682cb2a,Rick Weaver Chevrolet,Sales Inbound,May 30,"$9,600",800,2,186,4,2.15%,4,1,25.00%,1,25.00%,,Check,Check,Check,Check,,,$100.00,$100.00,1.88,Red,001-Red,,CSM,Enable STL + Followups,93
3d5f779d7,Rick Weaver Chevrolet,d4a682cb2a,Rick Weaver Chevrolet,Service Inbound,May 30,"$9,600",800,2,25,25,100.00%,10,6,24.00%,3,30.00%,,,,,,,,$50,"$2,250",2.81,Red,,,CSM,- Improve top the funnel,13
dab960b7c,Mercedes-Benz of Arlington,341a56683a,Mercedes-Benz of Arlington,Sales Inbound,May 11,"$9,588",$799,21,1215,25,2.06%,12,2,8.00%,4,33.33%,,,,,,,,$100.00,$400.00,0.72,Red,001-Red,,CSM,Enable STL + Followups,58
06e65fbde,"Feldmann Imports, Inc.",5480771b21,"Feldmann Imports, Inc.",Sales Inbound,Jan 20,"$9,000",$750,132,1156,58,5.02%,19,12,20.69%,15,78.95%,,No,Overflow,No,No,,,$100.00,"$1,500.00",2.00,Red,001-Red,,CSM,Enable STL + Followups,39
06e65fbde,"Feldmann Imports, Inc.",5480771b21,"Feldmann Imports, Inc.",Service Inbound,Jan 29,"$9,000",$750,123,376,376,100.00%,127,118,31.38%,43,33.86%,,,,,,,,$50,"$2,150",2.87,Red,,,,,13
4f772edd8,World Car Auto Group,d2999d21-c,World Car Kia San Antonio,Service Inbound,Feb 25,"$9,000",$750,96,404,404,100.00%,113,200,49.50%,49,43.36%,,,,,,,,$50,"$2,450",3.27,Amber,,,,,13
4f772edd8,World Car Auto Group,d4c824c0-9,World Car Mazda San Antonio,Service Inbound,Feb 25,"$9,000",$750,96,96,96,100.00%,17,43,44.79%,3,17.65%,,,,,,,,$50,$150,0.20,Red,,,CSM,- Improve top the funnel,3
4f772edd8,World Car Auto Group,d2999d21-c,World Car Kia San Antonio,Service Outbound,Feb 28,"$9,000",$750,,Not service,Not service,Not service,Not service,Not service,Not service,Not service,,,,,,,,,,,,,,,,,#VALUE!
4f772edd8,World Car Auto Group,d4c824c0-9,World Car Mazda San Antonio,Service Outbound,Feb 28,"$9,000",$750,,Not service,Not service,Not service,Not service,Not service,Not service,Not service,,,,,,,,,,,,,,,,,#VALUE!
5b81be4b1,Dream Automotive,6730ea9132,Dream Lawrence Nissan,Sales Inbound,Apr 27,"$9,000",$750,35,1252,1217,97.20%,1150,21,1.73%,81,7.04%,,Check,Check,Check,Check,,,$100.00,"$8,100.00",10.80,Green,003-Green,,,,42
5b81be4b1,Dream Automotive,6730ea9132,Dream Lawrence Nissan,Sales Outbound,Apr 27,"$9,000",$750,35,,3794,,438,,,23,5.25%,,,,,,,,$250.00,"$5,750.00",7.67,Green,,,,,0
6b9a25d35,Sport Durst Automotive Group,27029bf75c,Sport Durst Mazda,Service Inbound,Apr 28,"$9,000",$750,34,59,59,100.00%,27,28,47.46%,6,22.22%,,,,,,,,$50,$300,0.40,Red,,,CSM,- Improve top the funnel,2
6b9a25d35,Sport Durst Automotive Group,5f6644c1f1,Sport Durst Hyundai,Service Inbound,Apr 28,"$9,000",$750,34,117,117,100.00%,68,20,17.09%,16,23.53%,,,,,,,,$50,$800,1.07,Red,,Subhav,Product,- Improve ABR,4
6b9a25d35,Sport Durst Automotive Group,a862eefd2e,Sport Durst Mazda of Goldsboro,Service Inbound,Apr 28,"$9,000",$750,34,10,10,100.00%,8,1,10.00%,4,50.00%,,,,,,,,$50,$200,0.27,Red,,,CSM,- Improve top the funnel,0
6b9a25d35,Sport Durst Automotive Group,73ff62fd21,Sport Durst VW of Goldsboro,Service Inbound,Apr 28,"$9,000",$750,34,17,17,100.00%,7,5,29.41%,2,28.57%,,,,,,,,$50,$100,0.13,Red,,,CSM,- Improve top the funnel,1
6b9a25d35,Sport Durst Automotive Group,5b65de92e5,Sport Durst VW of Jacksonville,Service Inbound,Apr 28,"$9,000",$750,34,6,6,100.00%,4,1,16.67%,1,25.00%,,,,,,,,$50,$50,0.07,Red,,,CSM,- Improve top the funnel,0
6b9a25d35,Sport Durst Automotive Group,cb9198f115,Sport Durst Subaru,Service Inbound,Apr 28,"$9,000",$750,34,22,22,100.00%,16,10,45.45%,3,18.75%,,,,,,,,$50,$150,0.20,Red,,,CSM,- Improve top the funnel,1
5b81be4b1,Dream Automotive,3d3deabc98,Dream Nissan Midwest,Sales Inbound,Apr 30,"$9,000",$750,32,1305,1285,98.47%,1225,21,1.63%,85,6.94%,,Yes,Overflow,No,No,,,$100.00,"$8,500.00",11.33,Green,003-Green,,,,44
5b81be4b1,Dream Automotive,3d3deabc98,Dream Nissan Midwest,Sales Outbound,Apr 30,"$9,000",$750,32,,3670,,395,,,24,6.08%,,,,,,,,$250.00,"$6,000.00",8.00,Green,,,,,0
5b81be4b1,Dream Automotive,7607d0e6f5,Dream Nissan Kansas City,Sales Inbound,Apr 30,"$9,000",$750,32,1445,1313,90.87%,1250,11,0.84%,76,6.08%,,Yes,Overflow,No,No,,,$100.00,"$7,600.00",10.13,Green,003-Green,,,,48
5b81be4b1,Dream Automotive,7607d0e6f5,Dream Nissan Kansas City,Sales Outbound,Apr 30,"$9,000",$750,32,,7263,,605,,,17,2.81%,,,,,,,,$250.00,"$4,250.00",5.67,Green,,,,,0
6c19cc7c4,Super Autos Miami,7fb99e6ee1,Super Autos Miami,Sales Inbound,May 18,"$8,988",749,14,241,102,42.32%,12,2,1.96%,2,16.67%,,Check,Check,Check,Check,,,$100.00,$200.00,0.57,Red,001-Red,Shubham Mittal,Engineering,STL not working,17
6c19cc7c4,Super Autos Miami,7fb99e6ee1,Super Autos Miami,Sales Outbound,May 22,"$8,988",749,10,,639,,50,,,0,0.00%,,,,,,,,$250.00,$0.00,0.00,Red,,,,,0
6548557c2,Wolfchase Honda & Nissan,405beccbe9,Wolfchase Honda,Service Outbound,Jan 31,"$8,640",$720,,Not service,Not service,Not service,Not service,Not service,Not service,Not service,,,,,,,,,,,,,,,,,#VALUE!
6548557c2,Wolfchase Honda & Nissan,d14b8b8338,Wolfchase Nissan,Service Outbound,Jan 31,"$8,640",$720,,Not service,Not service,Not service,Not service,Not service,Not service,Not service,,,,,,,,,,,,,,,,,#VALUE!
7d06f7427,Brandon Steven Motors,49a06313cf,Covina Kia,Sales Outbound,May 12,"$8,400",$700,20,,283,,33,,,0,0.00%,,,,,,,,$250.00,$0.00,0.00,Red,,,,,0
7d06f7427,Brandon Steven Motors,49a06313cf,Covina Kia,Service Outbound,May 31,"$8,400",$700,,Not service,Not service,Not service,Not service,Not service,Not service,Not service,,,,,,,,,,,,,,,,,#VALUE!
7d06f7427,Brandon Steven Motors,1a916c0965,Carson Hyundai,Sales Outbound,May 12,"$8,400",$700,20,,0,,0,,,0,0.00%,,,,,,,,$250.00,$0.00,0.00,Red,,,,,0
7d06f7427,Brandon Steven Motors,1a916c0965,Carson Hyundai,Service Outbound,May 12,"$8,400",$700,,Not service,Not service,Not service,Not service,Not service,Not service,Not service,,,,,,,,,,,,,,,,,#VALUE!
b5b6954c4,Landers CDJR,c18a7a6d8d,Landers CDJR,Sales Inbound,Apr 30,"$8,400",$700,32,864,67,7.75%,10,1,1.49%,1,10.00%,,No,Overflow,No,No,,,$100.00,$100.00,0.14,Red,001-Red,,CSM,Enable STL + Followups,29
7d06f7427,Brandon Steven Motors,5c99ab695a,Eddie VW,Sales Outbound,May 31,"$8,400",$700,1,,0,,0,,,0,0.00%,,,,,,,,$250.00,$0.00,0.00,Red,,,,,0
7d06f7427,Brandon Steven Motors,5c99ab695a,Eddie VW,Service Outbound,May 31,"$8,400",$700,,Not service,Not service,Not service,Not service,Not service,Not service,Not service,,,,,,,,,,,,,,,,,#VALUE!
7d06f7427,Brandon Steven Motors,9923577d07,Honda DTLA,Sales Outbound,May 31,"$8,400",$700,1,,0,,0,,,0,0.00%,,,,,,,,$250.00,$0.00,0.00,Red,,,,,0
7d06f7427,Brandon Steven Motors,9923577d07,Honda DTLA,Service Outbound,Apr 01,"$8,400",$700,,Not service,Not service,Not service,Not service,Not service,Not service,Not service,,,,,,,,,,,,,,,,,#VALUE!
7d06f7427,Brandon Steven Motors,a0a4332434,Subaru Wichita,Sales Outbound,Apr 30,"$8,400",$700,32,,141,,25,,,0,0.00%,,,,,,,,$250.00,$0.00,0.00,Red,,,,,0
7d06f7427,Brandon Steven Motors,a0a4332434,Subaru Wichita,Service Outbound,May 31,"$8,400",$700,,Not service,Not service,Not service,Not service,Not service,Not service,Not service,,,,,,,,,,,,,,,,,#VALUE!
7d06f7427,Brandon Steven Motors,2b110492b6,Honda Reseda,Sales Outbound,May 12,"$8,400",$700,20,,157,,20,,,1,5.00%,,,,,,,,$250.00,$250.00,0.54,Red,,,,,0
7d06f7427,Brandon Steven Motors,2b110492b6,Honda Reseda,Service Outbound,May 12,"$8,400",$700,,883,Not service,Not service,62,Not service,Not service,25,,,,,,,,,,,,,,,,,#DIV/0!
b5b6954c4,Landers CDJR,c18a7a6d8d,Landers CDJR,Service Inbound,Apr 30,"$8,400",$700,32,Not live,Not live,Not live,Not live,Not live,Not live,Not live,Not live,,,,,,,,Not live,Not live,Not live,Not live,,,,,Not live
b5b6954c4,Landers CDJR,c18a7a6d8d,Landers CDJR,Sales Outbound,Apr 30,"$8,400",$700,32,,3790,,370,,,11,2.97%,,,,,,,,$250.00,"$2,750.00",3.93,Amber,,,,,0
f07925222,Principle Automotive Group,fdec030155,Principle BMW MINI of San Antonio,Sales Inbound,May 27,"$8,400",700,5,1492,1,0.07%,0,0,0.00%,0,0.00%,,Check,Check,Check,Check,,,$100.00,$0.00,0.00,Red,001-Red,,CSM,Enable STL + Followups,298
f07925222,Principle Automotive Group,fdec030155,Principle BMW MINI of San Antonio,Service Inbound,May 27,"$8,400",700,5,217,217,100.00%,94,51,23.50%,31,32.98%,,,,,,,,$50,"$9,300",13.29,Green,,,,,43
b7a9c31a8,"I-40 Autos, LLC",b4df3297f5,"I-40 Autos, LLC",Sales Inbound,Oct 10,"$8,388",$699,234,2537,2124,83.72%,2122,22,1.04%,188,8.86%,,Check,Check,Check,Check,,,$100.00,"$18,800.00",26.90,Green,003-Green,,,,85
aec6e372f,Grand Motorcars,34ddfad075,Autoplex,Sales Inbound,May 28,"$7,800",650,4,6,6,100.00%,3,0,0.00%,1,33.33%,,Check,Check,Check,Check,,,$100.00,$100.00,1.15,Red,001-Red,Shubham Mittal,Engineering,STL not working,2
aec6e372f,Grand Motorcars,a5c07ee7d2,Hyundai of Canton,Sales Inbound,May 28,"$7,800",650,4,87,86,98.85%,25,18,20.93%,10,40.00%,,Check,Check,Check,Check,,,$100.00,"$1,000.00",11.54,Green,003-Green,,Tech,STL not working,22
fe7e2e8e5,Brown-Daub Kia,5d2ffea9c0,Brown Daub Kia,Sales Inbound,Apr 30,"$7,500",$625,32,406,214,52.71%,140,8,3.74%,10,7.14%,,Yes,Overflow,No,No,,,$100.00,"$1,000.00",1.60,Red,001-Red,Shubham Mittal,Engineering,Evaluate low TOFU capture rate on STL,14
fe7e2e8e5,Brown-Daub Kia,5d2ffea9c0,Brown Daub Kia,Sales Outbound,May 06,"$7,500",$625,26,,554,,40,,,0,0.00%,,,,,,,,$250.00,$0.00,0.00,Red,,,,,0
fe7e2e8e5,Brown-Daub Kia,5d2ffea9c0,Brown Daub Kia,Service Outbound,May 06,"$7,500",$625,,Not service,Not service,Not service,Not service,Not service,Not service,Not service,,,,,,,,,,,,,,,,,#VALUE!
fe7e2e8e5,Brown-Daub Kia,5d2ffea9c0,Brown Daub Kia,Service Inbound,May 06,"$7,500",$625,26,"1,008","1,008",100.00%,352,605,60.02%,112,31.82%,,,,,,,,$50,"$6,462",10.34,Green,,,,,39
58e0896f7,Southey Ford,80dc6dcf0,Chapman Chevrolet Buick gmc ltd.,Sales Inbound,Apr 30,"$7,188",$599,32,000,000,0.00%,000,000,0.00%,000,0.00%,,,,,,,,$100.00,$0.00,0.00,Red,001-Red,Shubham Mittal,Engineering,STL not working,0
58e0896f7,Southey Ford,80dc6dcf0,Chapman Chevrolet Buick gmc ltd.,Service Inbound,Apr 30,"$7,188",$599,32,Not live,Not live,Not live,Not live,Not live,Not live,Not live,Not live,,,,,,,,Not live,Not live,Not live,Not live,,,,,Not live
58e0896f7,Southey Ford,eee817b4cd,Southey Ford,Sales Inbound,May 30,"$7,188",$599,2,000,000,0.00%,000,000,0.00%,000,0.00%,,Check,Check,Check,Check,,,$100.00,$0.00,0.00,Red,001-Red,Shubham Mittal,Engineering,STL not working,0
4f772edd8,World Car Auto Group,48d0fea7-2,World Car Kia South,Service Inbound,Feb 25,"$6,000",$500,96,819,819,100.00%,310,361,44.08%,101,32.58%,,,,,,,,$50,"$5,050",10.10,Green,,,,,27
e551635ea,Murgado,f222a4f3ff,Mercedes Laguna Niguel,Service Inbound,Mar 30,"$6,000",$500,63,308,308,100.00%,84,106,34.42%,29,34.52%,,,,,,,,$50,"$1,450",2.90,Red,,,,,10
e551635ea,Murgado,8f59b8483b,Mercedes Benz Foothill,Service Inbound,Mar 30,"$6,000",$500,63,298,298,100.00%,95,85,28.52%,34,35.79%,,,,,,,,$50,"$1,700",3.40,Amber,,,,,10
d3216c3e4,John Hiester Chevrolet,0dcef03834,John Hiester Chevrolet,Service Inbound,Sep 17,"$5,988",$499,257,41,41,100.00%,27,0,0.00%,0,0.00%,,,,,,,,$50,$0,0.00,Red,,,CSM,- Improve top the funnel,1
6548557c2,Wolfchase Honda & Nissan,405beccbe9,Wolfchase Honda,Sales Inbound,Feb 09,"$5,760",$480,112,1679,708,42.17%,459,29,4.10%,9,1.96%,,No,Overflow,No,No,,,$100.00,$900.00,1.88,Red,001-Red,,CSM,Enable Followups,56
6548557c2,Wolfchase Honda & Nissan,d14b8b8338,Wolfchase Nissan,Sales Inbound,Feb 09,"$5,760",$480,112,1071,464,43.32%,393,6,1.29%,13,3.31%,,No,Overflow,No,No,,,$100.00,"$1,300.00",2.71,Red,001-Red,,CSM,Enable Followups,36
c946af83e,Zeigler Hyundai of Racine,f618492d10,Zeigler Hyundai of Racine,Sales Inbound,May 05,"$5,550",$463,27,32,33,103.13%,3,1,3.03%,2,66.67%,,Check,Check,Check,Check,,,$100.00,$200.00,0.48,Red,001-Red,,CSM,Enable STL + Followups,1
c946af83e,Zeigler Hyundai of Racine,f618492d10,Zeigler Hyundai of Racine,Sales Outbound,May 05,"$5,550",$463,27,,1,,0,,,0,0.00%,,,,,,,,$250.00,$0.00,0.00,Red,,,,,0
c946af83e,Zeigler Hyundai of Racine,f618492d10,Zeigler Hyundai of Racine,Service Inbound,May 11,"$5,550",$463,21,11,11,100.00%,5,1,9.09%,3,60.00%,,,,,,,,$50,$214,0.46,Red,,,CSM,- Improve top the funnel,1
c946af83e,Zeigler Hyundai of Racine,f618492d10,Zeigler Hyundai of Racine,Service Outbound,May 11,"$5,550",$463,,Not service,Not service,Not service,Not service,Not service,Not service,Not service,,,,,,,,,,,,,,,,,#VALUE!
b81a8498a,CornHusker Group,37329f9976,CornHusker Nissan,Sales Outbound,May 15,"$4,800",$400,17,,0,,0,,,0,0.00%,,,,,,,,$250.00,$0.00,0.00,Red,,,,,0
b81a8498a,CornHusker Group,37329f9976,CornHusker Nissan,Service Inbound,May 15,"$4,800",$400,17,14,14,100.00%,11,0,0.00%,4,36.36%,,,,,,,,$50,$353,0.88,Red,,,CSM,- Improve top the funnel,1
b81a8498a,CornHusker Group,37329f9976,CornHusker Nissan,Service Outbound,May 15,"$4,800",$400,,Not service,Not service,Not service,Not service,Not service,Not service,Not service,,,,,,,,,,,,,,,,,#VALUE!
b81a8498a,CornHusker Group,3f96401f8d,Courtesy Ford,Sales Outbound,May 15,"$4,800",$400,17,,83,,18,,,0,0.00%,,,,,,,,$250.00,$0.00,0.00,Red,,,,,0
b81a8498a,CornHusker Group,3f96401f8d,Courtesy Ford,Service Inbound,May 15,"$4,800",$400,17,31,31,100.00%,13,1,3.23%,5,38.46%,,,,,,,,$50,$441,1.10,Red,,,CSM,- Improve top the funnel,2
b81a8498a,CornHusker Group,3f96401f8d,Courtesy Ford,Service Outbound,May 15,"$4,800",$400,,Not service,Not service,Not service,Not service,Not service,Not service,Not service,,,,,,,,,,,,,,,,,#VALUE!
b81a8498a,CornHusker Group,3b8dee0632,CornHusker Auto Center,Sales Outbound,May 15,"$4,800",400,17,,0,,0,,,0,0.00%,,,,,,,,$250.00,$0.00,0.00,Red,,,,,0
b81a8498a,CornHusker Group,3b8dee0632,CornHusker Auto Center,Service Inbound,May 15,"$4,800",400,17,32,32,100.00%,8,1,3.13%,1,12.50%,,,,,,,,$50,$88,0.22,Red,,,CSM,- Improve top the funnel,2
b81a8498a,CornHusker Group,3b8dee0632,CornHusker Auto Center,Service Outbound,May 15,"$4,800",400,,Not service,Not service,Not service,Not service,Not service,Not service,Not service,,,,,,,,,,,,,,,,,#VALUE!
7d06f7427,Brandon Steven Motors,49a06313cf,Covina Kia,Sales Inbound,May 12,"$3,600",$300,20,1727,40,2.32%,9,7,17.50%,6,66.67%,,NA,,NA,,,,$100.00,$600.00,3.00,Amber,002-Amber,,,,86
7d06f7427,Brandon Steven Motors,49a06313cf,Covina Kia,Service Inbound,Apr 29,"$3,600",$300,33,"1,568","1,568",100.00%,628,654,41.71%,307,48.89%,,,,,,,,$50,"$15,350",51.17,Green,,,,,52
7d06f7427,Brandon Steven Motors,1a916c0965,Carson Hyundai,Sales Inbound,May 12,"$3,600",$300,20,2,1,50.00%,1,0,0.00%,1,100.00%,,Check,Check,Check,Check,,,$100.00,$100.00,0.50,Red,001-Red,,CSM,Enable STL + Followups,0
7d06f7427,Brandon Steven Motors,1a916c0965,Carson Hyundai,Service Inbound,May 12,"$3,600",$300,20,2,2,100.00%,1,0,0.00%,0,0.00%,,,,,,,,$50,$0,0.00,Red,,,CSM,- Improve top the funnel,0
7d06f7427,Brandon Steven Motors,5c99ab695a,Eddie VW,Sales Inbound,May 31,"$3,600",$300,1,000,000,0.00%,000,000,0.00%,000,0.00%,,Check,Check,Check,Check,,,$100.00,$0.00,0.00,Red,001-Red,,CSM,Enable STL + Followups,0
7d06f7427,Brandon Steven Motors,5c99ab695a,Eddie VW,Service Inbound,May 31,"$3,600",$300,1,Not live,Not live,Not live,Not live,Not live,Not live,Not live,Not live,,,,,,,,Not live,Not live,Not live,Not live,,,,,Not live
7d06f7427,Brandon Steven Motors,9923577d07,Honda DTLA,Sales Inbound,May 31,"$3,600",$300,1,2,3,150.00%,1,0,0.00%,1,100.00%,,NA,,NA,,,,$100.00,$100.00,10.00,Green,003-Green,,,,2
7d06f7427,Brandon Steven Motors,9923577d07,Honda DTLA,Service Inbound,Apr 01,"$3,600",$300,61,"3,428","3,428",100.00%,"1,401","1,482",43.23%,546,38.97%,,,,,,,,$50,"$27,300",91.00,Green,,,,,114
7d06f7427,Brandon Steven Motors,a0a4332434,Subaru Wichita,Sales Inbound,Apr 30,"$3,600",$300,32,737,1,0.14%,0,0,0.00%,0,0.00%,,,,,,,,$100.00,$0.00,0.00,Red,001-Red,,CSM,Enable STL + Followups,25
7d06f7427,Brandon Steven Motors,a0a4332434,Subaru Wichita,Service Inbound,May 21,"$3,600",$300,11,Not live,Not live,Not live,Not live,Not live,Not live,Not live,Not live,,,,,,,,Not live,Not live,Not live,Not live,,,,,Not live
7d06f7427,Brandon Steven Motors,2b110492b6,Honda Reseda,Sales Inbound,May 12,"$3,600",$300,20,973,1,0.10%,0,0,0.00%,0,0.00%,,Check,Check,Check,Check,,,$100.00,$0.00,0.00,Red,001-Red,,CSM,Enable STL + Followups,49
7d06f7427,Brandon Steven Motors,2b110492b6,Honda Reseda,Service Inbound,May 12,"$3,600",$300,20,25,25,100.00%,5,1,4.00%,2,40.00%,,,,,,,,$50,$150,0.50,Red,,,CSM,- Improve top the funnel,1
b81a8498a,CornHusker Group,37329f9976,CornHusker Nissan,Sales Inbound,May 15,"$3,600",$300,17,129,7,5.43%,2,2,28.57%,1,50.00%,,Check,Check,Check,Check,,,$100.00,$100.00,0.59,Red,001-Red,,CSM,Enable STL + Followups,8
b81a8498a,CornHusker Group,3f96401f8d,Courtesy Ford,Sales Inbound,May 15,"$3,600",$300,17,250,15,6.00%,4,2,13.33%,3,75.00%,,Check,Check,Check,Check,,,$100.00,$300.00,1.76,Red,001-Red,,CSM,Enable STL + Followups,15
b81a8498a,CornHusker Group,3b8dee0632,CornHusker Auto Center,Sales Inbound,May 15,"$3,600",$300,17,124,9,7.26%,1,1,11.11%,1,100.00%,,Check,Check,Check,Check,,,$100.00,$100.00,0.59,Red,001-Red,,CSM,Enable STL + Followups,7
ef889a294,Bridge Auto Group,f89ae024ba,Bridge Auto Group,Sales Inbound,Aug 04,"$3,588",$299,301,000,000,0.00%,000,000,0.00%,000,0.00%,,No,Overflow,No,No,,,$100.00,$0.00,0.00,Not Live,004-Not Live,,,"Churned. Update the status in the CS Sheet. What was the reason for the customer to churn?",0
